{
    "client": "Thunder Client",
    "collectionName": "SistemaRestaurante",
    "dateExported": "2024-03-21T23:10:58.980Z",
    "version": "1.1",
    "folders": [
        {
            "_id": "ee9a1910-aab0-4884-bedf-2b6b7cfb2092",
            "name": "Usuarios",
            "containerId": "",
            "created": "2024-03-19T22:57:19.696Z",
            "sortNum": 10000
        },
        {
            "_id": "f16226aa-9280-46e0-94ed-7c4d4a32f2ea",
            "name": "ProdutoIngredientes",
            "containerId": "",
            "created": "2024-03-21T22:53:39.584Z",
            "sortNum": 10312.5
        },
        {
            "_id": "3fbd442b-55b2-4952-9298-e7536dfbe6b5",
            "name": "ProdutoTipos",
            "containerId": "",
            "created": "2024-03-21T23:03:02.080Z",
            "sortNum": 10468.8
        },
        {
            "_id": "ac6ca56b-4124-484e-818f-429c3ec8f0bd",
            "name": "Pedidos",
            "containerId": "",
            "created": "2024-03-21T22:50:50.162Z",
            "sortNum": 10625
        },
        {
            "_id": "4bb3c84d-4f60-4917-8185-c6edcaf9d0fc",
            "name": "PedidoProdutos",
            "containerId": "",
            "created": "2024-03-21T22:48:56.083Z",
            "sortNum": 11250
        },
        {
            "_id": "64abb9a9-8e35-49e7-b87b-830804d258fa",
            "name": "Mesas",
            "containerId": "",
            "created": "2024-03-21T22:44:43.650Z",
            "sortNum": 12500
        },
        {
            "_id": "28f662a1-3362-4683-9b9c-6befd477c9c2",
            "name": "EnderecoClientes",
            "containerId": "",
            "created": "2024-03-21T22:31:46.832Z",
            "sortNum": 15000
        },
        {
            "_id": "0539c71b-83bf-4e78-8856-fce043ff7593",
            "name": "Produtos",
            "containerId": "",
            "created": "2024-03-19T23:09:30.781Z",
            "sortNum": 20000
        },
        {
            "_id": "44b953e6-7fff-4f63-a5ef-b0fba02e2885",
            "name": "Ingredientes",
            "containerId": "",
            "created": "2024-03-19T23:41:10.314Z",
            "sortNum": 30000
        },
        {
            "_id": "325aad22-fd85-4ac8-9208-df5a9e5e75f1",
            "name": "Clientes",
            "containerId": "",
            "created": "2024-03-19T23:41:48.986Z",
            "sortNum": 40000
        },
        {
            "_id": "a75e2ab8-bbd8-4395-b0c9-372daf120d25",
            "name": "Cidades",
            "containerId": "",
            "created": "2024-03-21T22:26:19.221Z",
            "sortNum": 50000
        }
    ],
    "requests": [
        {
            "_id": "0b8a2356-bd11-4486-a5f4-0931db93a245",
            "colId": "fa8264b5-efb1-4d58-aa06-e42ee1160467",
            "containerId": "ee9a1910-aab0-4884-bedf-2b6b7cfb2092",
            "name": "listar",
            "url": "http://localhost:3333/usuarios",
            "method": "GET",
            "sortNum": 10000,
            "created": "2024-03-19T22:36:24.503Z",
            "modified": "2024-03-19T22:36:24.503Z",
            "headers": [],
            "params": [],
            "tests": []
        },
        {
            "_id": "e4dafd43-2469-40ce-b8ca-d7ce573eb028",
            "colId": "fa8264b5-efb1-4d58-aa06-e42ee1160467",
            "containerId": "0539c71b-83bf-4e78-8856-fce043ff7593",
            "name": "listar",
            "url": "http://localhost:3333/produtos",
            "method": "GET",
            "sortNum": 10000,
            "created": "2024-03-19T23:09:30.781Z",
            "modified": "2024-03-19T23:10:51.649Z",
            "headers": [],
            "params": [],
            "reqType": "get",
            "tests": []
        },
        {
            "_id": "bf4db2d4-52cf-4893-9674-5cc50d778b10",
            "colId": "fa8264b5-efb1-4d58-aa06-e42ee1160467",
            "containerId": "44b953e6-7fff-4f63-a5ef-b0fba02e2885",
            "name": "listar",
            "url": "http://localhost:3333/ingredientes",
            "method": "GET",
            "sortNum": 10000,
            "created": "2024-03-19T23:41:10.314Z",
            "modified": "2024-03-19T23:41:30.137Z",
            "headers": [],
            "params": [],
            "reqType": "get",
            "tests": []
        },
        {
            "_id": "a6368528-5e2e-41fc-af3b-c5647cceb9f0",
            "colId": "fa8264b5-efb1-4d58-aa06-e42ee1160467",
            "containerId": "325aad22-fd85-4ac8-9208-df5a9e5e75f1",
            "name": "listar",
            "url": "http://localhost:3333/clientes",
            "method": "GET",
            "sortNum": 10000,
            "created": "2024-03-19T23:41:48.986Z",
            "modified": "2024-03-19T23:42:12.220Z",
            "headers": [],
            "params": [],
            "reqType": "get",
            "tests": []
        },
        {
            "_id": "ec18083b-1373-41bb-85e5-7b81ec9210c2",
            "colId": "fa8264b5-efb1-4d58-aa06-e42ee1160467",
            "containerId": "a75e2ab8-bbd8-4395-b0c9-372daf120d25",
            "name": "listar",
            "url": "http://localhost:3333/cidades",
            "method": "GET",
            "sortNum": 10000,
            "created": "2024-03-21T22:26:19.221Z",
            "modified": "2024-03-21T22:27:42.629Z",
            "headers": [],
            "params": [],
            "reqType": "get",
            "tests": []
        },
        {
            "_id": "fd453d40-5e9d-4061-9ac5-7ba10b347d3d",
            "colId": "fa8264b5-efb1-4d58-aa06-e42ee1160467",
            "containerId": "28f662a1-3362-4683-9b9c-6befd477c9c2",
            "name": "listar",
            "url": "http://localhost:3333/enderecoclientes",
            "method": "GET",
            "sortNum": 10000,
            "created": "2024-03-21T22:31:46.832Z",
            "modified": "2024-03-21T22:39:11.271Z",
            "headers": [],
            "params": [],
            "reqType": "get",
            "tests": []
        },
        {
            "_id": "e4c21c99-2da7-4b85-8767-d0ca4cabcb52",
            "colId": "fa8264b5-efb1-4d58-aa06-e42ee1160467",
            "containerId": "64abb9a9-8e35-49e7-b87b-830804d258fa",
            "name": "listar",
            "url": "http://localhost:3333/mesas",
            "method": "GET",
            "sortNum": 10000,
            "created": "2024-03-21T22:44:43.650Z",
            "modified": "2024-03-21T22:44:57.252Z",
            "headers": [],
            "params": [],
            "reqType": "get",
            "tests": []
        },
        {
            "_id": "ca4510a7-cce2-4bc9-bbe5-6adcfa7613bd",
            "colId": "fa8264b5-efb1-4d58-aa06-e42ee1160467",
            "containerId": "4bb3c84d-4f60-4917-8185-c6edcaf9d0fc",
            "name": "listar",
            "url": "http://localhost:3333/pedidoprodutos",
            "method": "GET",
            "sortNum": 10000,
            "created": "2024-03-21T22:48:56.083Z",
            "modified": "2024-03-21T22:49:13.565Z",
            "headers": [],
            "params": [],
            "reqType": "get",
            "tests": []
        },
        {
            "_id": "ff553913-91fe-4b06-9a0d-961a89d2a801",
            "colId": "fa8264b5-efb1-4d58-aa06-e42ee1160467",
            "containerId": "ac6ca56b-4124-484e-818f-429c3ec8f0bd",
            "name": "listar",
            "url": "http://localhost:3333/pedidos",
            "method": "GET",
            "sortNum": 10000,
            "created": "2024-03-21T22:50:50.162Z",
            "modified": "2024-03-21T22:51:14.383Z",
            "headers": [],
            "params": [],
            "reqType": "get",
            "tests": []
        },
        {
            "_id": "6e26d7a0-4a64-42d0-88d2-cf8aaef54bd0",
            "colId": "fa8264b5-efb1-4d58-aa06-e42ee1160467",
            "containerId": "f16226aa-9280-46e0-94ed-7c4d4a32f2ea",
            "name": "listar",
            "url": "http://localhost:3333/produtoingredientes",
            "method": "GET",
            "sortNum": 10000,
            "created": "2024-03-21T22:53:39.584Z",
            "modified": "2024-03-21T22:53:51.123Z",
            "headers": [],
            "params": [],
            "reqType": "get",
            "tests": []
        },
        {
            "_id": "51ee33af-0d85-4d5d-ad58-855384b89a5c",
            "colId": "fa8264b5-efb1-4d58-aa06-e42ee1160467",
            "containerId": "3fbd442b-55b2-4952-9298-e7536dfbe6b5",
            "name": "listar",
            "url": "http://localhost:3333/produtotipos",
            "method": "GET",
            "sortNum": 10000,
            "created": "2024-03-21T23:03:02.080Z",
            "modified": "2024-03-21T23:05:29.120Z",
            "headers": [],
            "params": [],
            "reqType": "get",
            "tests": []
        },
        {
            "_id": "78a24b5d-8286-47de-abf5-21260faec9da",
            "colId": "fa8264b5-efb1-4d58-aa06-e42ee1160467",
            "containerId": "ee9a1910-aab0-4884-bedf-2b6b7cfb2092",
            "name": "cadastrar",
            "url": "http://localhost:3333/usuarios",
            "method": "POST",
            "sortNum": 20000,
            "created": "2024-03-19T22:53:42.847Z",
            "modified": "2024-03-19T22:53:42.847Z",
            "headers": [],
            "params": [],
            "tests": []
        },
        {
            "_id": "d773b493-8993-496d-a8d5-925069a543d1",
            "colId": "fa8264b5-efb1-4d58-aa06-e42ee1160467",
            "containerId": "0539c71b-83bf-4e78-8856-fce043ff7593",
            "name": "cadastrar",
            "url": "http://localhost:3333/produtos",
            "method": "POST",
            "sortNum": 20000,
            "created": "2024-03-19T23:09:30.782Z",
            "modified": "2024-03-19T23:11:08.900Z",
            "headers": [],
            "params": [],
            "reqType": "post",
            "tests": []
        },
        {
            "_id": "bf9e131b-abc0-4dcc-af67-9ce1672f734d",
            "colId": "fa8264b5-efb1-4d58-aa06-e42ee1160467",
            "containerId": "44b953e6-7fff-4f63-a5ef-b0fba02e2885",
            "name": "cadastrar",
            "url": "http://localhost:3333/ingredientes",
            "method": "POST",
            "sortNum": 20000,
            "created": "2024-03-19T23:41:10.315Z",
            "modified": "2024-03-19T23:41:34.686Z",
            "headers": [],
            "params": [],
            "reqType": "post",
            "tests": []
        },
        {
            "_id": "aa23b8a1-f654-4b36-bf72-1418e0672884",
            "colId": "fa8264b5-efb1-4d58-aa06-e42ee1160467",
            "containerId": "325aad22-fd85-4ac8-9208-df5a9e5e75f1",
            "name": "cadastrar",
            "url": "http://localhost:3333/clientes",
            "method": "POST",
            "sortNum": 20000,
            "created": "2024-03-19T23:41:48.987Z",
            "modified": "2024-03-19T23:42:18.559Z",
            "headers": [],
            "params": [],
            "reqType": "post",
            "tests": []
        },
        {
            "_id": "7c8640ed-3d74-4352-8436-726bd3989617",
            "colId": "fa8264b5-efb1-4d58-aa06-e42ee1160467",
            "containerId": "28f662a1-3362-4683-9b9c-6befd477c9c2",
            "name": "cadastrar",
            "url": "http://localhost:3333/enderecoclientes",
            "method": "POST",
            "sortNum": 20000,
            "created": "2024-03-21T22:31:46.833Z",
            "modified": "2024-03-21T22:39:18.507Z",
            "headers": [],
            "params": [],
            "reqType": "post",
            "tests": []
        },
        {
            "_id": "c997685d-30fe-4825-add0-72cbc929776e",
            "colId": "fa8264b5-efb1-4d58-aa06-e42ee1160467",
            "containerId": "64abb9a9-8e35-49e7-b87b-830804d258fa",
            "name": "cadastrar",
            "url": "http://localhost:3333/mesas",
            "method": "POST",
            "sortNum": 20000,
            "created": "2024-03-21T22:44:43.651Z",
            "modified": "2024-03-21T22:45:04.531Z",
            "headers": [],
            "params": [],
            "reqType": "post",
            "tests": []
        },
        {
            "_id": "bac63df0-11d5-46f9-908b-73898aa9c8ab",
            "colId": "fa8264b5-efb1-4d58-aa06-e42ee1160467",
            "containerId": "4bb3c84d-4f60-4917-8185-c6edcaf9d0fc",
            "name": "cadastrar",
            "url": "http://localhost:3333/pedidoprodutos",
            "method": "POST",
            "sortNum": 20000,
            "created": "2024-03-21T22:48:56.084Z",
            "modified": "2024-03-21T22:49:19.373Z",
            "headers": [],
            "params": [],
            "reqType": "post",
            "tests": []
        },
        {
            "_id": "e01d68de-ef57-4eea-9452-eb6d2134173b",
            "colId": "fa8264b5-efb1-4d58-aa06-e42ee1160467",
            "containerId": "ac6ca56b-4124-484e-818f-429c3ec8f0bd",
            "name": "cadastrar",
            "url": "http://localhost:3333/pedidos",
            "method": "POST",
            "sortNum": 20000,
            "created": "2024-03-21T22:50:50.163Z",
            "modified": "2024-03-21T22:51:17.506Z",
            "headers": [],
            "params": [],
            "reqType": "post",
            "tests": []
        },
        {
            "_id": "3a370e23-dfc0-431d-9865-56b2523761cf",
            "colId": "fa8264b5-efb1-4d58-aa06-e42ee1160467",
            "containerId": "f16226aa-9280-46e0-94ed-7c4d4a32f2ea",
            "name": "cadastrar",
            "url": "http://localhost:3333/produtoingredientes",
            "method": "POST",
            "sortNum": 20000,
            "created": "2024-03-21T22:53:39.585Z",
            "modified": "2024-03-21T22:53:55.536Z",
            "headers": [],
            "params": [],
            "reqType": "post",
            "tests": []
        },
        {
            "_id": "99029841-5e23-4262-95d3-9896dc523196",
            "colId": "fa8264b5-efb1-4d58-aa06-e42ee1160467",
            "containerId": "3fbd442b-55b2-4952-9298-e7536dfbe6b5",
            "name": "cadastrar",
            "url": "http://localhost:3333/produtotipos",
            "method": "POST",
            "sortNum": 20000,
            "created": "2024-03-21T23:03:02.081Z",
            "modified": "2024-03-21T23:05:36.221Z",
            "headers": [],
            "params": [],
            "reqType": "post",
            "tests": []
        },
        {
            "_id": "8401c2da-ebf1-4a91-948e-1a83ea8489a3",
            "colId": "fa8264b5-efb1-4d58-aa06-e42ee1160467",
            "containerId": "ee9a1910-aab0-4884-bedf-2b6b7cfb2092",
            "name": "editar",
            "url": "http://localhost:3333/usuarios",
            "method": "PATCH",
            "sortNum": 30000,
            "created": "2024-03-19T22:55:55.002Z",
            "modified": "2024-03-19T22:56:09.226Z",
            "headers": [],
            "params": [],
            "tests": []
        },
        {
            "_id": "226828a1-e16a-4b50-ba5e-d5e2f2c1341e",
            "colId": "fa8264b5-efb1-4d58-aa06-e42ee1160467",
            "containerId": "0539c71b-83bf-4e78-8856-fce043ff7593",
            "name": "editar",
            "url": "http://localhost:3333/produtos",
            "method": "PATCH",
            "sortNum": 30000,
            "created": "2024-03-19T23:09:30.783Z",
            "modified": "2024-03-19T23:11:15.170Z",
            "headers": [],
            "params": [],
            "reqType": "patch",
            "tests": []
        },
        {
            "_id": "33846d6f-1745-4884-9b85-a22526bf8674",
            "colId": "fa8264b5-efb1-4d58-aa06-e42ee1160467",
            "containerId": "44b953e6-7fff-4f63-a5ef-b0fba02e2885",
            "name": "editar",
            "url": "http://localhost:3333/ingredientes",
            "method": "PATCH",
            "sortNum": 30000,
            "created": "2024-03-19T23:41:10.316Z",
            "modified": "2024-03-19T23:41:38.155Z",
            "headers": [],
            "params": [],
            "reqType": "patch",
            "tests": []
        },
        {
            "_id": "4d54f806-9832-4fd2-baaa-d3f427a205b2",
            "colId": "fa8264b5-efb1-4d58-aa06-e42ee1160467",
            "containerId": "325aad22-fd85-4ac8-9208-df5a9e5e75f1",
            "name": "editar",
            "url": "http://localhost:3333/clientes",
            "method": "PATCH",
            "sortNum": 30000,
            "created": "2024-03-19T23:41:48.988Z",
            "modified": "2024-03-19T23:42:22.660Z",
            "headers": [],
            "params": [],
            "reqType": "patch",
            "tests": []
        },
        {
            "_id": "e287c1e4-04db-4819-a5c9-94f2e8f7b2e4",
            "colId": "fa8264b5-efb1-4d58-aa06-e42ee1160467",
            "containerId": "28f662a1-3362-4683-9b9c-6befd477c9c2",
            "name": "editar",
            "url": "http://localhost:3333/enderecoclientes",
            "method": "PATCH",
            "sortNum": 30000,
            "created": "2024-03-21T22:31:46.834Z",
            "modified": "2024-03-21T22:39:22.810Z",
            "headers": [],
            "params": [],
            "reqType": "patch",
            "tests": []
        },
        {
            "_id": "f2f1682c-97ba-4c6f-a828-34726edf8a7c",
            "colId": "fa8264b5-efb1-4d58-aa06-e42ee1160467",
            "containerId": "64abb9a9-8e35-49e7-b87b-830804d258fa",
            "name": "editar",
            "url": "http://localhost:3333/mesas",
            "method": "PATCH",
            "sortNum": 30000,
            "created": "2024-03-21T22:44:43.652Z",
            "modified": "2024-03-21T22:45:10.166Z",
            "headers": [],
            "params": [],
            "reqType": "patch",
            "tests": []
        },
        {
            "_id": "67775f45-25af-46fa-aa50-019392959321",
            "colId": "fa8264b5-efb1-4d58-aa06-e42ee1160467",
            "containerId": "4bb3c84d-4f60-4917-8185-c6edcaf9d0fc",
            "name": "editar",
            "url": "http://localhost:3333/pedidoprodutos",
            "method": "PATCH",
            "sortNum": 30000,
            "created": "2024-03-21T22:48:56.085Z",
            "modified": "2024-03-21T22:49:24.770Z",
            "headers": [],
            "params": [],
            "reqType": "patch",
            "tests": []
        },
        {
            "_id": "03dcdda7-af2d-4c2f-afca-c7907bc322ff",
            "colId": "fa8264b5-efb1-4d58-aa06-e42ee1160467",
            "containerId": "ac6ca56b-4124-484e-818f-429c3ec8f0bd",
            "name": "editar",
            "url": "http://localhost:3333/pedidos",
            "method": "PATCH",
            "sortNum": 30000,
            "created": "2024-03-21T22:50:50.164Z",
            "modified": "2024-03-21T22:51:20.272Z",
            "headers": [],
            "params": [],
            "reqType": "patch",
            "tests": []
        },
        {
            "_id": "e42503b3-f49f-4099-8a92-70140ae50b51",
            "colId": "fa8264b5-efb1-4d58-aa06-e42ee1160467",
            "containerId": "f16226aa-9280-46e0-94ed-7c4d4a32f2ea",
            "name": "editar",
            "url": "http://localhost:3333/produtoingredientes",
            "method": "PATCH",
            "sortNum": 30000,
            "created": "2024-03-21T22:53:39.586Z",
            "modified": "2024-03-21T22:53:58.095Z",
            "headers": [],
            "params": [],
            "reqType": "patch",
            "tests": []
        },
        {
            "_id": "f11a27f3-acaa-4753-95f8-87b557e300d9",
            "colId": "fa8264b5-efb1-4d58-aa06-e42ee1160467",
            "containerId": "3fbd442b-55b2-4952-9298-e7536dfbe6b5",
            "name": "editar",
            "url": "http://localhost:3333/produtotipos",
            "method": "PATCH",
            "sortNum": 30000,
            "created": "2024-03-21T23:03:02.082Z",
            "modified": "2024-03-21T23:05:39.577Z",
            "headers": [],
            "params": [],
            "reqType": "patch",
            "tests": []
        },
        {
            "_id": "24159937-d277-495d-a4fc-7a18225d73a5",
            "colId": "fa8264b5-efb1-4d58-aa06-e42ee1160467",
            "containerId": "ee9a1910-aab0-4884-bedf-2b6b7cfb2092",
            "name": "apagar",
            "url": "http://localhost:3333/usuarios",
            "method": "DELETE",
            "sortNum": 40000,
            "created": "2024-03-19T22:56:33.848Z",
            "modified": "2024-03-19T22:56:39.952Z",
            "headers": [],
            "params": [],
            "tests": []
        },
        {
            "_id": "876b4caa-1475-419b-9bde-115fde28e346",
            "colId": "fa8264b5-efb1-4d58-aa06-e42ee1160467",
            "containerId": "0539c71b-83bf-4e78-8856-fce043ff7593",
            "name": "apagar",
            "url": "http://localhost:3333/produtos",
            "method": "DELETE",
            "sortNum": 40000,
            "created": "2024-03-19T23:09:30.784Z",
            "modified": "2024-03-19T23:11:20.515Z",
            "headers": [],
            "params": [],
            "reqType": "del",
            "tests": []
        },
        {
            "_id": "7b6538b7-fc46-4512-ba72-6549ff08dba9",
            "colId": "fa8264b5-efb1-4d58-aa06-e42ee1160467",
            "containerId": "44b953e6-7fff-4f63-a5ef-b0fba02e2885",
            "name": "apagar",
            "url": "http://localhost:3333/ingredientes",
            "method": "DELETE",
            "sortNum": 40000,
            "created": "2024-03-19T23:41:10.317Z",
            "modified": "2024-03-19T23:41:42.020Z",
            "headers": [],
            "params": [],
            "reqType": "del",
            "tests": []
        },
        {
            "_id": "6c911288-e30d-4ae9-883b-cfbd24bf07e9",
            "colId": "fa8264b5-efb1-4d58-aa06-e42ee1160467",
            "containerId": "28f662a1-3362-4683-9b9c-6befd477c9c2",
            "name": "apagar",
            "url": "http://localhost:3333/enderecoclientes",
            "method": "DELETE",
            "sortNum": 40000,
            "created": "2024-03-21T22:31:46.835Z",
            "modified": "2024-03-21T22:39:26.294Z",
            "headers": [],
            "params": [],
            "reqType": "del",
            "tests": []
        },
        {
            "_id": "58e3448d-013d-42b5-83e7-101189821ed3",
            "colId": "fa8264b5-efb1-4d58-aa06-e42ee1160467",
            "containerId": "64abb9a9-8e35-49e7-b87b-830804d258fa",
            "name": "apagar",
            "url": "http://localhost:3333/mesas",
            "method": "DELETE",
            "sortNum": 40000,
            "created": "2024-03-21T22:44:43.653Z",
            "modified": "2024-03-21T22:45:15.080Z",
            "headers": [],
            "params": [],
            "reqType": "del",
            "tests": []
        },
        {
            "_id": "af20479b-36ba-47f1-ae24-f4d39941eee4",
            "colId": "fa8264b5-efb1-4d58-aa06-e42ee1160467",
            "containerId": "4bb3c84d-4f60-4917-8185-c6edcaf9d0fc",
            "name": "apagar",
            "url": "http://localhost:3333/pedidoprodutos",
            "method": "DELETE",
            "sortNum": 40000,
            "created": "2024-03-21T22:48:56.086Z",
            "modified": "2024-03-21T22:49:28.328Z",
            "headers": [],
            "params": [],
            "reqType": "del",
            "tests": []
        },
        {
            "_id": "5c2378ef-0628-4690-b61e-ef01e70ce8eb",
            "colId": "fa8264b5-efb1-4d58-aa06-e42ee1160467",
            "containerId": "ac6ca56b-4124-484e-818f-429c3ec8f0bd",
            "name": "apagar",
            "url": "http://localhost:3333/pedidos",
            "method": "DELETE",
            "sortNum": 40000,
            "created": "2024-03-21T22:50:50.165Z",
            "modified": "2024-03-21T22:51:23.217Z",
            "headers": [],
            "params": [],
            "reqType": "del",
            "tests": []
        },
        {
            "_id": "08bd47a8-b66b-45ea-89d7-23b7913d862e",
            "colId": "fa8264b5-efb1-4d58-aa06-e42ee1160467",
            "containerId": "f16226aa-9280-46e0-94ed-7c4d4a32f2ea",
            "name": "apagar",
            "url": "http://localhost:3333/produtoingredientes",
            "method": "DELETE",
            "sortNum": 40000,
            "created": "2024-03-21T22:53:39.587Z",
            "modified": "2024-03-21T22:54:00.884Z",
            "headers": [],
            "params": [],
            "reqType": "del",
            "tests": []
        },
        {
            "_id": "33504bd4-2b01-4954-874c-32c09b5f8abf",
            "colId": "fa8264b5-efb1-4d58-aa06-e42ee1160467",
            "containerId": "3fbd442b-55b2-4952-9298-e7536dfbe6b5",
            "name": "apagar",
            "url": "http://localhost:3333/produtotipos",
            "method": "DELETE",
            "sortNum": 40000,
            "created": "2024-03-21T23:03:02.083Z",
            "modified": "2024-03-21T23:05:42.799Z",
            "headers": [],
            "params": [],
            "reqType": "del",
            "tests": []
        }
    ]
}